site,class,newgroup,month,season,med,mean,s80th,BG,TC,n2med,n2mean,n2BG,n2TC,rainfall
s1160115,reference,Minimal disturbance,Jun-21,Dry,22.977,23.143,31.987,5,94,3.134493716,3.141692359,1.609437912,4.543294782,3.44516129
s1160115,reference,Minimal disturbance,Jul-21,Dry,1.603,2.163,2.5555,0.05914077,98.85886655,0.471876874,0.771496147,-2.827834745,4.593693243,0.874193548
s1160115,reference,Minimal disturbance,Aug-21,Dry,1.324,1.495,2.137,0.63088313,98.08302485,0.280657458,0.402126207,-0.460634648,4.585814312,1.967741935
s1160115,reference,Minimal disturbance,Sep-21,Dry,1.942,2.107,2.885,3.35,95.195,0.66371837,0.745265135,1.208960346,4.555927419,0.286666667
s1160115,reference,Minimal disturbance,Oct-21,Dry,3.977,4.028,4.911,0.41283916,98.15224331,1.380527766,1.393269975,-0.884697205,4.586519776,0.441935484
s1160115,reference,Minimal disturbance,Nov-21,Wet,7.667,12.29,16.058,1.43057696,97.10186612,2.036925405,2.508785924,0.358077831,4.575760594,5.623333333
s1160115,reference,Minimal disturbance,Dec-21,Wet,9.381,10.06,12.285,0.58092713,98.00569633,2.238686367,2.308567165,-0.543129952,4.585025603,4.474193548
s1160115,reference,Minimal disturbance,Jan-22,Wet,5.482,5.8,6.851,0.97943988,97.60869082,1.701469998,1.757857918,-0.020774422,4.580966535,6.058064516
s1160115,reference,Minimal disturbance,Feb-22,Wet,3.008,5.081,4.634,0.14782918,98.65240167,1.101275406,1.625508093,-1.911697861,4.591602578,7.246428571
s1160115,reference,Minimal disturbance,Mar-22,Wet,3.688,4.165,5.366,0.17178077,98.65191557,1.305084306,1.426716276,-1.761536208,4.59159765,2.44516129
s1160115,reference,Minimal disturbance,Apr-22,Dry,3.053,4.67,4.483,1.75373134,97.02985075,1.116124714,1.541159072,0.561745712,4.575018671,14.21333333
s1160115,reference,Minimal disturbance,May-22,Dry,2.473,3.474,4.509,0.14241999,98.7597858,0.905431989,1.245306668,-1.948974911,4.592690496,9.087096774
s1160115,reference,Minimal disturbance,Jun-22,Dry,0.8115,1.2323,1.9535,0.10664125,98.76554976,-0.208870892,0.208882342,-2.238284881,4.592748857,1.746666667
s1160115,reference,Minimal disturbance,Jul-22,Dry,0.365,1.486,1.917,0.07090157,98.83390318,-1.007857925,0.396087946,-2.646462702,4.593440695,4.690322581
s1160115,reference,Minimal disturbance,Aug-22,Dry,0.907,6.303,2.256,0.33333333,98.51691217,-0.097612829,1.841025711,-1.098612299,4.590228231,3.241935484
s1160115,reference,Minimal disturbance,Sep-22,Dry,3.26,3.472,5.049,0.76289096,97.82333051,1.181727195,1.244730797,-0.270640167,4.583163102,1.63
s1160115,reference,Minimal disturbance,Oct-22,Dry,5.03,5.113,6.223,0.55703756,98.08810109,1.615419984,1.631786316,-0.585122609,4.585866066,3.25483871
s1160115,reference,Minimal disturbance,Nov-22,Wet,4.888,5.211,6.061,0.56141244,98.0836471,1.586783222,1.650771776,-0.577299456,4.585820656,4.06
s1160115,reference,Minimal disturbance,Dec-22,Wet,6.003,7.46,8.242,1.22445081,97.29321872,1.792259344,2.009555414,0.202492425,4.577729292,6.064516129
s1160115,reference,Minimal disturbance,Feb-23,Wet,3.666,5.44,5.686,0.66071429,98.00446429,1.299101149,1.693779061,-0.414433772,4.585013032,8.417857143
s1160115,reference,Minimal disturbance,Mar-23,Wet,3.465,6.653,6.359,0.37826685,98.17056397,1.242712633,1.895067881,-0.97215538,4.586706415,5.793548387
s1160115,reference,Minimal disturbance,Apr-23,Dry,2.782,6.275,3.825,0.1054705,98.75029099,1.023170094,1.836573485,-2.249323986,4.592594351,2.87
s1160115,reference,Minimal disturbance,Jul-23,Dry,2.932,3.972,5.14,3.41124096,95.34928585,1.075684784,1.379269746,1.227076143,4.557546842,3.596774194
s1160115,reference,Minimal disturbance,Aug-23,Dry,1.669,1.738,2.167,0.10934164,98.6769573,0.512224645,0.552735027,-2.213277987,4.591851457,0.551612903
s1160115,reference,Minimal disturbance,Sep-23,Dry,2.792,2.822,3.368,0.25431034,98.47928254,1.026758185,1.037445853,-1.369199947,4.589846197,0.76
s1160115,reference,Minimal disturbance,Oct-23,Dry,4.119,4.202,4.614,0.58050162,97.96510922,1.415610415,1.435560602,-0.543862687,4.584611387,0.651612903
s1160115,reference,Minimal disturbance,Dec-23,Wet,7.59,10.481,12.066,1.28624302,97.27286186,2.026831591,2.349564094,0.251725582,4.577520038,12.41
s1160118,impact,Moderate disturbance ,Dec-20,Wet,196.1,206.8,243.5,11.33916699,87.1728697,5.278624733,5.331752143,2.428262838,4.467893155,8.948387097
s1160118,impact,Moderate disturbance ,Jan-21,Wet,525.6,540.8,738.4,11.03337095,87.47928422,6.264540467,6.293049525,2.400924403,4.471402014,18.24516129
s1160118,impact,Moderate disturbance ,Mar-21,Wet,35.545,140.042,53.638,4.74289973,93.76277222,3.570799499,4.941942378,1.556648706,4.540767893,13.15806452
s1160118,impact,Moderate disturbance ,Apr-21,Dry,33.61,49.58,42.81,3.59436429,94.91635648,3.514823642,3.903587527,1.279367144,4.552996046,18.96666667
s1160118,impact,Moderate disturbance ,May-21,Dry,25.38,25.73,29.53,2.12466919,96.41593579,3.233961462,3.247657626,0.753616115,4.568671497,0.458064516
s1160118,impact,Moderate disturbance ,Jun-21,Dry,19.933,20.171,23.36,3.138225,95.46007764,2.99237665,3.004245929,1.143657353,4.558708125,0.976666667
s1160118,impact,Moderate disturbance ,Jul-21,Dry,32.08,35.25,37.16,2.17027115,96.40176413,3.468232783,3.562465529,0.774852114,4.568524502,0.519354839
s1160118,impact,Moderate disturbance ,Aug-21,Dry,216.62,261.7,339.24,5.49806001,93.02935851,5.378144666,5.56719881,1.704395305,4.532915126,0.877419355
s1160118,impact,Moderate disturbance ,Nov-21,Wet,259.1,345.5,518.9,8.65137266,89.85107343,5.557214088,5.844992643,2.157717997,4.49815356,6.766666667
s1160118,impact,Moderate disturbance ,Jan-22,Wet,283.1,318.3,300.9,5.12381993,93.37139423,5.645800192,5.762994334,1.633900241,4.536585027,5.890322581
s1160118,impact,Moderate disturbance ,May-22,Dry,27.69,28.04,31.61,2.02456517,96.53771412,3.321071337,3.333632062,0.705354947,4.569933752,6.093548387
s1160118,impact,Moderate disturbance ,Jun-22,Dry,24.88,26.07,29.08,2.62844696,95.94395556,3.214064268,3.260785228,0.966393162,4.563764225,0.396666667
s1160118,impact,Moderate disturbance ,Jul-22,Dry,59.03,209.47,229.32,2.19973001,96.40185512,4.078045789,5.344580531,0.78833463,4.568525445,1.516129032
s1160118,impact,Moderate disturbance ,Oct-22,Dry,99.98,147.99,173.88,6.22794715,92.27715853,4.604970166,4.997144704,1.829046768,4.524796641,4.777419355
s1160118,impact,Moderate disturbance ,Dec-22,Wet,143.16,185.61,227.16,5.59332019,92.90653898,4.963962886,5.223647698,1.721573063,4.531594031,5.032258065
s1160118,impact,Moderate disturbance ,Jan-23,Wet,69.62,88.27,100.66,5.70128334,92.80137724,4.243051882,4.480400299,1.740691297,4.530461481,14.12258065
s1160118,impact,Moderate disturbance ,Feb-23,Wet,52.77,66.56,72.99,2.45384342,96.05097714,3.965942847,4.198103797,0.897655538,4.564879062,11.68928571
s1160118,impact,Moderate disturbance ,Mar-23,Wet,61.11,71.93,93.78,3.1016777,95.42730443,4.112675519,4.275693424,1.131943159,4.558364747,5.983870968
s1160118,impact,Moderate disturbance ,Jun-23,Dry,22.39,56.4,26.44,3.25689002,95.28894074,3.108614431,4.032469159,1.180772758,4.556913757,0.713333333
s1160118,impact,Moderate disturbance ,Sep-23,Dry,132.94,132.94,132.94,3.97676268,94.54042233,4.889897899,4.889897899,1.380468091,4.549027493,0.79
s1160118,impact,Moderate disturbance ,Dec-23,Wet,52.05,70.4,82.38,8.42182486,90.0841269,3.952204795,4.254193263,2.130826534,4.500743977,7.91
s1160119,end of system,Minimal disturbance,May-21,Dry,13.289,13.448,15.781,2.0344362,96.52985904,2.586936625,2.598830396,0.710218729,4.569852381,1.148387097
s1160119,end of system,Minimal disturbance,Jun-21,Dry,11.703,13.379,14.43,2.03805914,96.53986865,2.459845219,2.593686313,0.711997953,4.56995607,1.44
s1160119,end of system,Minimal disturbance,Jul-21,Dry,12.688,19.231,19.115,1.41032294,97.20920147,2.540656665,2.95652356,0.343818714,4.576865372,2.419354839
s1160119,end of system,Minimal disturbance,Aug-21,Dry,15.11,38.14,66.34,2.28581649,96.26665745,2.715356776,3.6412636,0.826723287,4.567122023,2.683870968
s1160119,end of system,Minimal disturbance,Sep-21,Dry,15.23,15.9,18.67,3.34358225,91.17624019,2.723267167,2.766319109,1.207042762,4.512794339,0.616666667
s1160119,end of system,Minimal disturbance,Oct-21,Dry,17.2,20.39,24.18,3.53167941,94.9730967,2.844909384,3.015044585,1.261773511,4.553593659,0.458064516
s1160119,end of system,Minimal disturbance,Nov-21,Wet,18.22,31.65,20.64,4.34719153,94.16492227,2.902519892,3.454738149,1.469530011,4.545047737,8.966666667
s1160119,end of system,Minimal disturbance,Dec-21,Wet,22.57,22.19,24.39,4.53418857,93.98181793,3.116621591,3.099641737,1.511646141,4.543101337,4.064516129
s1160119,end of system,Minimal disturbance,Nov-22,Wet,16.355,27.21,22.55,4.4055004,94.10619144,2.794533661,3.303584553,1.482853851,4.544423841,5.826666667
s1160119,end of system,Minimal disturbance,Dec-22,Wet,75.44,91.4,118.33,5.46801134,93.04019907,4.323337638,4.515245478,1.698914993,4.533031648,4.222580645
s1160119,end of system,Minimal disturbance,Jan-23,Wet,108.06,110.47,139.98,9.03902963,89.47096969,4.682686628,4.704743991,2.201551827,4.493914212,15.48387097
s1160119,end of system,Minimal disturbance,Feb-23,Wet,65.67,79.37,99.27,3.69464703,94.81437673,4.1846422,4.374120463,1.306885023,4.551921051,11.96428571
s1160119,end of system,Minimal disturbance,Mar-23,Wet,55.8,67.22,74.86,2.844076,95.68539727,4.021773869,4.207970822,1.045238235,4.561065698,6.687096774
s1160119,end of system,Minimal disturbance,May-23,Dry,40.49,40.87,44.19,1.9945167,96.56562341,3.70105503,3.710396298,0.690401765,4.570222813,1.25483871
s1160119,end of system,Minimal disturbance,Jun-23,Dry,60.1,65.45,68.18,1.94045495,96.63780654,4.096009842,4.181286492,0.662922456,4.570970037,1.006666667
s1160119,end of system,Minimal disturbance,Jul-23,Dry,86.08,87.51,98.23,1.82642951,96.77231536,4.455277096,4.471753073,0.602362974,4.572360955,2.183870968
s1160119,end of system,Minimal disturbance,Aug-23,Dry,82.55,83.94,86.45,2.31124834,96.23681057,4.41340417,4.430102258,0.837787785,4.566811931,0.096774194
s1160119,end of system,Minimal disturbance,Sep-23,Dry,99.4,103.39,110.19,3.80029799,94.72646774,4.599152114,4.638508246,1.335079482,4.550993452,0.38
s1160119,end of system,Minimal disturbance,Oct-23,Dry,162.94,186.42,244.82,5.06842269,93.43287318,5.093382035,5.228002193,1.623029663,4.537243245,1.338709677
s1160119,end of system,Minimal disturbance,Dec-23,Wet,152.4,156.5,169.6,5.34561643,93.1660949,5.026508643,5.05305601,1.676276866,4.534383867,10.04333333
s1160120,reference,Minimal disturbance,Jun-21,Dry,6.976,7.14,8.698,2.0299192,96.55060254,1.942475687,1.965712776,0.707995989,4.57006725,111.8
s1160120,reference,Minimal disturbance,Jul-21,Dry,6.408,6.785,8.974,1.43715103,97.15460133,1.85754721,1.914714293,0.362662702,4.576303538,16.4
s1160120,reference,Minimal disturbance,Aug-21,Dry,1.807,2.17,3.222,2.15950295,96.39367475,0.591668012,0.774727168,0.769878079,4.568440585,77
s1160120,reference,Minimal disturbance,Sep-21,Dry,1.712,4.41,3.651,3.29693862,95.22291505,0.537662278,1.483874689,1.192994347,4.556220617,14.9
s1160120,reference,Minimal disturbance,Oct-21,Dry,1.545,1.7835,2.851,3.49164921,95.01499815,0.43502391,0.578577726,1.250374178,4.554034754,10.9
s1160120,reference,Minimal disturbance,Nov-21,Wet,2.541,2.602,3.806,4.08889678,94.42508469,0.932557704,0.95628038,1.408275198,4.547806766,108.8
s1160120,reference,Minimal disturbance,Dec-21,Wet,26.35,23.06,31.82,4.81452403,93.70190426,3.271468275,3.138099515,1.571637189,4.540118512,75.9
s1160120,reference,Minimal disturbance,Jan-22,Wet,45.94,48.81,52.32,4.79522001,93.72141589,3.827336197,3.88793521,1.56761959,4.540326721,205.5
s1160120,reference,Minimal disturbance,Feb-22,Wet,42.31,55.44,68.2,4.23641116,94.29195623,3.745023465,4.015301355,1.443716486,4.546395886,301.5
s1160120,reference,Minimal disturbance,Mar-22,Wet,28.93,30.1,36.18,4.09666379,94.43124975,3.364879119,3.404525172,1.410172933,4.547872054,119
s1160120,reference,Minimal disturbance,Apr-22,Dry,28.63,28.64,31.27,2.9497829,95.5842007,3.354455119,3.354804342,1.081731574,4.560007542,376
s1160120,reference,Minimal disturbance,Jul-22,Dry,28.54,28.62,30.68,1.85202491,96.71887102,3.351306612,3.354105774,0.616279586,4.571808534,91
s1160120,reference,Minimal disturbance,Aug-22,Dry,11.869,12.974,17.532,2.23399758,96.32095097,2.473929959,2.562947355,0.803792617,4.567685855,105.4
s1160120,reference,Minimal disturbance,Sep-22,Dry,5.791,6.031,7.635,3.3954582,95.11730215,1.756304988,1.796912834,1.222438715,4.555110889,18.5
s1160120,reference,Minimal disturbance,Oct-22,Dry,3.551,3.626,4.458,3.73638787,94.77514587,1.267229254,1.288130112,1.318119335,4.551507201,57.4
s1160120,reference,Minimal disturbance,Nov-22,Wet,2.295,3.398,3.409,4.44992052,94.06045903,0.830732844,1.223187023,1.492886235,4.543937757,117.8
s1160120,reference,Minimal disturbance,Dec-22,Wet,57.7,79.75,76.77,5.74195531,92.76814062,4.055257174,4.378896742,1.747799799,4.530103269,123.7
s1160120,reference,Minimal disturbance,Jan-23,Wet,111.61,112.3,159.97,9.8324493,88.67606705,4.715010652,4.721173862,2.285688069,4.484990034,347.8
s1160120,reference,Minimal disturbance,Feb-23,Wet,61.6,78.5,103.09,4.78892692,93.71856288,4.120661871,4.363098625,1.566306361,4.540296279,220.9
s1160120,reference,Minimal disturbance,Mar-23,Wet,31.09,33.36,39.63,3.03319651,95.49664647,3.436886224,3.507357577,1.109617017,4.559091131,211.1
s1160120,reference,Minimal disturbance,Jun-23,Dry,4.373,4.323,5.86,1.83812853,96.74211813,1.475449272,1.463949606,0.608747951,4.572048862,66.8
s1160120,reference,Minimal disturbance,Sep-23,Dry,24.38,30.42,42.2,4.08421026,94.43451109,3.193763124,3.415100287,1.407128383,4.54790659,28.9
s1160120,reference,Minimal disturbance,Dec-23,Wet,15.997,20.92,25.773,5.60519973,92.90666904,2.772401205,3.040705639,1.72369469,4.531595431,450.9
s1160121,end of system,High disturbance,May-21,Dry,26.59,28.11,32.44,5.04570637,93.4644506,3.280535205,3.336125385,1.618537658,4.537581157,2.14516129
s1160121,end of system,High disturbance,Jul-21,Dry,8.335,8.837,12.867,5.9603903,92.55635104,2.120463516,2.178947453,1.785135966,4.527817659,2.080645161
s1160121,end of system,High disturbance,Aug-21,Dry,1.099,1.983,3.458,7.2,91.8,0.094400675,0.68461085,1.974081026,4.519612298,2.5
s1160121,end of system,High disturbance,Sep-21,Dry,4.651,5.696,7.672,11.08624709,87.45687646,1.53708225,1.739764174,2.405705339,4.471145831,0.24
s1160121,end of system,High disturbance,Oct-21,Dry,8.088,8.166,10.506,16.4911106,82.01316093,2.090381482,2.099979193,2.802821484,4.406879734,0.364516129
s1160121,end of system,High disturbance,Nov-21,Wet,17.282,17.763,21.135,14.95985604,83.56284607,2.849665497,2.877117642,2.70537035,4.425598996,7.426666667
s1160121,end of system,High disturbance,Dec-21,Wet,27.82,28.76,32.59,13.9965374,84.50438596,3.325755186,3.358985533,2.63880997,4.436803438,4.874193548
s1160121,end of system,High disturbance,Jan-22,Wet,29.04,31.77,34.9,8.51985226,89.9787627,3.36867419,3.458522448,2.142399,4.499573672,4.993548387
s1160121,end of system,High disturbance,Feb-22,Wet,72.03,76.1,92.94,4.40904894,94.10572484,4.277082699,4.332048265,1.483659006,4.544418883,10.43571429
s1160121,end of system,High disturbance,Mar-22,Wet,38.48,38.34,45.05,5.3434903,93.14935365,3.650138626,3.646493738,1.675879054,4.534204158,4.558064516
s1160121,end of system,High disturbance,Apr-22,Dry,26.28,47.8,89.08,7.03896104,91.54545455,3.268808194,3.867025639,1.95146058,4.51683562,15.52
s1160121,end of system,High disturbance,May-22,Dry,55.66,61.47,72.23,5.2243787,93.27218935,4.019261756,4.118549251,1.653335882,4.535521986,11.89677419
s1160121,end of system,High disturbance,Jun-22,Dry,16.962,18.408,25,5.84091711,92.67619048,2.830975548,2.912785353,1.764887824,4.529111595,0.88
s1160121,end of system,High disturbance,Jul-22,Dry,28.27,33.78,48.33,7.36842105,91.15004617,3.341801172,3.519868911,1.997203443,4.512507008,3.335483871
s1160121,end of system,High disturbance,Aug-22,Dry,10.734,10.91,14.256,10.42288557,88.0854063,2.373416274,2.3896798,2.344003924,4.47830687,1.006451613
s1160121,end of system,High disturbance,Sep-22,Dry,5.189,5.721,8.09,15.44318182,83.1060606,1.646541,1.744143615,2.7371676,4.420117631,1.486666667
s1160121,end of system,High disturbance,Jan-23,Wet,50.77,55.69,67.97,2.71428571,95.85714285,3.927305629,4.019800598,0.998528829,4.562858988,16.3516129
s1160121,end of system,High disturbance,Feb-23,Wet,44.5,46.95,59.15,9.19915254,89.26694915,3.795489189,3.849083206,2.219111365,4.491631309,12.14285714
s1160121,end of system,High disturbance,Mar-23,Wet,27.77,30.83,36.35,6.75128205,91.72051282,3.323956301,3.428488242,1.90973242,4.518746049,6.15483871
s1160121,end of system,High disturbance,Jul-23,Dry,5.673,5.744,7.849,9.56535433,88.91968504,1.735718078,1.748155832,2.258147647,4.487733547,3.174193548
s1160121,end of system,High disturbance,Aug-23,Dry,4.519,4.568,6.548,11.66174094,86.86561995,1.50829073,1.519075472,2.456313479,4.464362326,0.183870968
s1160121,end of system,High disturbance,Sep-23,Dry,3.271,3.69,5.442,14.18864004,84.30177788,1.185095749,1.305626458,2.652441647,4.434402955,0.283333333
s1160121,end of system,High disturbance,Oct-23,Dry,3.949,4.292,5.973,20.0280019,78.48077836,1.373462382,1.456752825,2.997131389,4.362853733,0.496774194
s1160121,end of system,High disturbance,Dec-23,Wet,38.64,37.1,46.34,19.74644047,78.75855802,3.654288009,3.61361697,2.982973246,4.366386945,8.82
s1160122,impact,Moderate disturbance ,Dec-20,Wet,19.227,34.757,24.991,8.48796082,90.02203782,2.956315541,3.548380991,2.138648785,4.500054505,7.264516129
s1160122,impact,Moderate disturbance ,Jan-21,Wet,71.52,100.36,124.18,5.56457565,92.93357933,4.269977131,4.608763721,1.716420728,4.531885037,21.19354839
s1160122,impact,Moderate disturbance ,Mar-21,Wet,39.82,58.23,55.88,3.93695775,94.56619719,3.684369299,4.064400686,1.37040828,4.549300089,10.35806452
s1160122,impact,Moderate disturbance ,Apr-21,Dry,62.56,66.1,81.95,2.40032963,96.08631159,4.136126096,4.191168747,0.875606074,4.565246867,12.05666667
s1160122,impact,Moderate disturbance ,May-21,Dry,53.19,56.96,62.62,1.3896078,97.17389674,3.973870409,4.042349267,0.329021549,4.576502123,1.361290323
s1160122,impact,Moderate disturbance ,Jun-21,Dry,60.47,66.97,68.26,7.65667351,90.85010267,4.102147374,4.204244758,2.035577622,4.509210925,6.106666667
s1160122,impact,Moderate disturbance ,Jul-21,Dry,73.46,80.21,86,0.98847035,97.68538262,4.29674104,4.384648195,-0.011596632,4.581751933,2.209677419
s1160122,impact,Moderate disturbance ,Sep-21,Dry,82.83,83.84,87.03,4.74231569,93.77721285,4.416790315,4.428910221,1.556525559,4.540921893,1.503333333
s1160122,impact,Moderate disturbance ,May-22,Dry,41.33,45.76,48.78,1.04209944,97.56118522,3.721588629,3.823410347,0.041237371,4.580479722,9.038709677
s1160122,impact,Moderate disturbance ,Jun-22,Dry,53.17,55.99,70.47,2.16336777,96.40256217,3.973494328,4.025173103,0.77166616,4.56853278,1.246666667
s1160122,impact,Moderate disturbance ,Jul-22,Dry,88.39,139.72,158.19,1.2440578,97.35716354,4.481758841,4.93964042,0.218378456,4.578386315,2.880645161
s1160122,impact,Moderate disturbance ,Aug-22,Dry,76.13,82.14,87.21,2.94157644,95.60573252,4.332442405,4.408425109,1.078945642,4.560232782,5.661290323
s1160122,impact,Moderate disturbance ,Sep-22,Dry,81.06,87.28,98.06,3.9596929,94.54828455,4.395189621,4.469121342,1.376166472,4.549110652,2.543333333
s1160122,impact,Moderate disturbance ,Oct-22,Dry,101.16,158.19,171.34,4.3206285,94.18006015,4.616703422,5.063796842,1.463400878,4.545208483,5.74516129
s1160122,impact,Moderate disturbance ,Nov-22,Wet,71.5,106.17,110.42,4.98479716,93.52300025,4.26969745,4.665041583,1.606392713,4.538207398,3.82
s1160122,impact,Moderate disturbance ,Dec-22,Wet,91.69,101.54,104.61,5.31988378,93.18502275,4.518413322,4.62045281,1.671451457,4.534587009,6.006451613
s1160122,impact,Moderate disturbance ,Jan-23,Wet,76.66,82.87,96.56,5.09697602,93.41162669,4.33938006,4.417273115,1.628647427,4.53701582,19
s1160122,impact,Moderate disturbance ,Feb-23,Wet,58.7,60.72,69.29,2.36828254,96.13108073,4.072439727,4.106273133,0.862165026,4.565712684,9.328571429
s1160122,impact,Moderate disturbance ,Mar-23,Wet,47.83,53.53,61.77,1.95498688,96.55870516,3.867653058,3.980242244,0.670383482,4.570151167,6.361290323
s1160122,impact,Moderate disturbance ,Apr-23,Dry,53.3,60.74,72.34,1.29537264,97.20813932,3.975936331,4.10660246,0.258798407,4.576854446,4.92
s1160122,impact,Moderate disturbance ,May-23,Dry,60.4,68.88,68.16,1.59629912,96.92106025,4.100989105,4.23236586,0.4676879,4.573896835,0.823333333
s1160124,end of system,High disturbance,May-21,Dry,26.96,29.07,35.51,6.1959799,92.3183776,3.294354286,3.369706715,1.823900679,4.525243229,0.577419355
s1160124,end of system,High disturbance,Jun-21,Dry,14.098,27.602,41.407,6.85923754,91.69794721,2.646032943,3.317888234,1.92559629,4.518499993,1.263333333
s1160124,end of system,High disturbance,Jul-21,Dry,13.218,13.236,15.117,6.50628931,92.00663871,2.581579537,2.58294039,1.872769295,4.521860734,0.929032258
s1160124,end of system,High disturbance,Aug-21,Dry,7.882,8.052,9.121,7.10263523,91.39805825,2.064581679,2.085920508,1.960465874,4.515224234,1.667741935
s1160124,end of system,High disturbance,Sep-21,Dry,9.726,9.866,10.977,11.52712178,86.99127907,2.274802712,2.289094503,2.444702674,4.465807873,0.396666667
s1160124,end of system,High disturbance,Oct-21,Dry,25.544,27.336,35.745,13.89886481,84.60199519,3.240402455,3.308204515,2.631807168,4.43795785,0.396774194
s1160124,end of system,High disturbance,Nov-21,Wet,90.337,92.284,128.875,15.34619546,83.16624594,4.503547122,4.524870779,2.730867591,4.420841568,6.09
s1160124,end of system,High disturbance,Dec-21,Wet,20.62,28.74,35.49,13.77291382,84.74487004,3.026261479,3.358289881,2.622703897,4.439645214,4.970967742
s1160124,end of system,High disturbance,Jan-22,Wet,24.61,32.39,30.8,9.58587916,88.91785472,3.203152864,3.477849733,2.260291095,4.487712963,6.358064516
s1160124,end of system,High disturbance,Feb-22,Wet,46.79,52.02,68.16,7.54452297,90.97667844,3.845669505,3.95162826,2.020821866,4.510603193,8.867857143
s1160124,end of system,High disturbance,Mar-22,Wet,26.92,30.74,32.67,8.95961401,89.53145104,3.292869505,3.425564738,2.192727147,4.494589972,3.641935484
s1160124,end of system,High disturbance,Apr-22,Dry,19.32,38.31,53.96,5.64788732,92.89436619,2.961140829,3.645710959,1.73128155,4.531463,12.87666667
s1160124,end of system,High disturbance,Jul-22,Dry,11.8,12.09,13.19,8.9674853,89.55932204,2.468099531,2.492378665,2.193605291,4.494901222,2.651612903
s1160124,end of system,High disturbance,Aug-22,Dry,10.52,10.76,12.102,11.6901566,86.79474273,2.353278207,2.375835555,2.458747171,4.463546052,0.574193548
s1160124,end of system,High disturbance,Sep-22,Dry,9.12,9.39,10.546,12.83513514,85.69459459,2.210469804,2.239645293,2.552186343,4.45078975,1.15
s1160124,end of system,High disturbance,Oct-22,Dry,26.352,31.874,41.285,11.80258718,86.71484815,3.271544173,3.46179063,2.46831876,4.462625128,5.270967742
s1160124,end of system,High disturbance,Nov-22,Wet,19.034,25.434,28.436,12.94060516,85.57452372,2.946226854,3.236086862,2.560370055,4.449387619,5.343333333
s1160124,end of system,High disturbance,Dec-22,Wet,44.33,42.84,51.26,13.01491966,85.49387912,3.791661649,3.757472246,2.566096366,4.448444784,5.25483871
s1160124,end of system,High disturbance,Jan-23,Wet,60.29,62.34,69.81,20.64035088,77.90350877,4.099166253,4.132603274,3.02724794,4.355470994,14.12903226
s1160124,end of system,High disturbance,Feb-23,Wet,59.69,60.44,70.08,6.28313253,92.16566265,4.089164502,4.101651137,1.837868667,4.523587639,12.93928571
s1160124,end of system,High disturbance,Mar-23,Wet,40.31,41.21,46,5.47598253,93.01965065,3.696599577,3.718680945,1.700371717,4.532810768,6.129032258
s1160124,end of system,High disturbance,Apr-23,Dry,18.09,21.209,22.608,6.61269518,91.88696538,2.895359299,3.05442562,1.888991314,4.520559184,3.086666667
s1160124,end of system,High disturbance,May-23,Dry,8.427,8.668,9.969,8.45133356,90.04780048,2.131440837,2.159638084,2.134324247,4.500340646,1.287096774
s1160124,end of system,High disturbance,Jun-23,Dry,11.81,12.306,14.97,4.8526149,93.69096672,2.46894663,2.510086948,1.579517714,4.540001778,1.583333333
s1160124,end of system,High disturbance,Jul-23,Dry,15.425,17.167,19.405,7.37360595,91.14200744,2.73598957,2.842988936,1.997906861,4.512418811,2.687096774
s1160124,end of system,High disturbance,Aug-23,Dry,12.772,13.426,15.06,10.85607604,87.6395112,2.547255275,2.597193126,2.384724927,4.473231937,0.106451613
s1160124,end of system,High disturbance,Sep-23,Dry,11.537,11.815,13.743,12.21983356,86.26976422,2.445559262,2.469369911,2.503060333,4.45747918,0.57
s1160124,end of system,High disturbance,Oct-23,Dry,11.239,11.323,13.063,17.21625392,81.28252529,2.419389873,2.426836055,2.845853933,4.397931052,0.561290323
s1160124,end of system,High disturbance,Dec-23,Wet,42.62,36.17,50.396,5.26772678,93.23690725,3.752323627,3.588230046,1.661598918,4.535143644,7.413333333
s1160126,reference,Minimal disturbance,Dec-20,Wet,12.931,15.348,17.305,6.34502382,92.18620963,2.559627529,2.730985172,1.847670855,4.523810549,286.3
s1160126,reference,Minimal disturbance,Jan-21,Wet,1.684,3.1529,4.0232,1.7515528,96.75155279,0.521171916,1.148322664,0.560502709,4.572146381,739.9
s1160126,reference,Minimal disturbance,Feb-21,Wet,1.6625,2.1751,2.6917,2.53579336,96.00191882,0.508322494,0.77707464,0.930506551,4.564368179,737.2
s1160126,reference,Minimal disturbance,Mar-21,Wet,0.854,1.957,1.916,1.3995544,97.18418121,-0.157824085,0.671412688,0.3361539,4.576607953,331.2
s1160126,reference,Minimal disturbance,Apr-21,Dry,0.738,1.572,1.898,0.72742382,98.05373961,-0.303811454,0.452348694,-0.318246,4.585515692,651.3
s1160126,reference,Minimal disturbance,May-21,Dry,0.667,0.8707,1.377,0.51240192,98.27031132,-0.404965233,-0.138457793,-0.668645962,4.58772196,51.5
s1160126,reference,Minimal disturbance,Jun-21,Dry,0.585,1.098,1.309,5.84684685,92.98198198,-0.536143432,0.093490343,1.765902516,4.532405732,106.4
s1160126,reference,Minimal disturbance,Jul-21,Dry,0.369,0.7976,1.082,0.18593019,98.71360226,-0.996958635,-0.22614806,-1.682383998,4.592222751,88.1
s1160126,reference,Minimal disturbance,Aug-21,Dry,1.045,1.299,1.741,5.29139073,93.23178808,0.044016885,0.261594738,1.666081109,4.535088737,101
s1160126,reference,Minimal disturbance,Sep-21,Dry,0.729,0.9115,1.348,5.09359105,93.50050865,-0.316081547,-0.092663685,1.627983093,4.537966876,27.3
s1160126,reference,Minimal disturbance,Oct-21,Dry,3.209,3.233,4.04,0.91251348,97.58791802,1.165959362,1.173410499,-0.091552421,4.580753695,24.2
s1160126,reference,Minimal disturbance,Nov-21,Wet,5.171,5.608,6.087,2.52078422,96.01166397,1.643066093,1.72419415,0.924570052,4.564469684,205
s1160126,reference,Minimal disturbance,Dec-21,Wet,5.196,5.651,5.832,1.27274821,97.25731398,1.647889099,1.731832521,0.241178507,4.577360188,142
s1160126,reference,Minimal disturbance,Jan-22,Wet,4.164,4.752,4.989,0.73654054,97.87913514,1.426476151,1.558565582,-0.305791,4.583733403,245.1
s1160126,reference,Minimal disturbance,Feb-22,Wet,2.703,3.182,3.502,0.33522356,98.43118866,0.994362267,1.15750993,-1.092957626,4.589357712,337.3
s1160126,reference,Minimal disturbance,Mar-22,Wet,2.753,3.16,3.534,0.37986838,98.35224943,1.012691226,1.150572028,-0.967930455,4.588555416,180.7
s1160126,reference,Minimal disturbance,Apr-22,Dry,3.239,4.397,4.348,2.48681055,96.13109513,1.17526464,1.48092249,0.911000986,4.565712834,480.6
s1160126,reference,Minimal disturbance,May-22,Dry,2.584,3.257,3.575,0.31952797,98.5419267,0.949338586,1.180806526,-1.140910466,4.590482109,333.7
s1160126,reference,Minimal disturbance,Jun-22,Dry,2.993,2.996,3.617,1.72110298,96.99200901,1.096276229,1.097278066,0.542965353,4.574628594,31.4
s1160126,reference,Minimal disturbance,Jul-22,Dry,3.01,3.464,3.827,0.24780202,98.6570064,1.101940079,1.242423991,-1.395125158,4.591649253,85
s1160126,reference,Minimal disturbance,Oct-22,Dry,5.963,6.758,6.789,1.07609744,97.420767,1.78557371,1.910726988,0.073341015,4.579039401,144.9
s1160126,reference,Minimal disturbance,Nov-22,Wet,5.951,6.201,6.59,1.29103726,97.25134212,1.783559273,1.824710569,0.255445973,4.577298783,197.7
s1160126,reference,Minimal disturbance,Dec-22,Wet,6.428,7.305,7.417,0.84346588,97.73633475,1.860663448,1.988559045,-0.170235828,4.582273391,183.7
s1160126,reference,Minimal disturbance,Jan-23,Wet,6.035,7.326,7.669,0.09090909,98.54545455,1.797575855,1.991429664,-2.397895283,4.590517909,606.1
s1160126,reference,Minimal disturbance,Feb-23,Wet,6.285,6.684,7.324,0.68719367,97.91315823,1.838165842,1.899716611,-0.37513912,4.584080945,331.9
s1160126,reference,Minimal disturbance,Mar-23,Wet,6.366,7.032,7.165,0.61901457,98.00346981,1.850971329,1.95047116,-0.479626469,4.585002884,235.7
s1160126,reference,Minimal disturbance,Apr-23,Dry,7.316,7.832,7.991,0.33052768,98.48419122,1.990063731,2.058217905,-1.107064871,4.58989604,143.2
s1160126,reference,Minimal disturbance,May-23,Dry,6.9,6.869,7.556,0.34002387,98.4854074,1.931521412,1.927018535,-1.078739458,4.589908389,36
s1160126,reference,Minimal disturbance,Jun-23,Dry,10.827,12.169,14.971,2.10616622,96.64986595,2.382043014,2.498891734,0.744869337,4.571094819,55.3
s1160126,reference,Minimal disturbance,Jul-23,Dry,15.918,12.742,18.162,0.75718987,98.05551581,2.767450544,2.544903624,-0.278141238,4.585533806,95.3
s1160126,reference,Minimal disturbance,Aug-23,Dry,2.017,2.088,2.471,0.42827825,98.25015725,0.701611259,0.73620667,-0.847982178,4.587516851,5.3
s1160126,reference,Minimal disturbance,Sep-23,Dry,3.293,3.387,3.885,1.18711471,97.47939079,1.191799003,1.219944574,0.17152575,4.579640979,12
s1160127,reference,Moderate disturbance ,Jan-21,Wet,8.536,68.942,61.338,5.85230352,92.67140921,2.144292514,4.233265571,1.766835348,4.529060002,17.4483871
s1160127,reference,Moderate disturbance ,Mar-21,Wet,7.514,28.174,13.059,4.81775604,93.69355398,2.016767947,3.338399567,1.572308268,4.540029393,14.19285714
s1160127,reference,Moderate disturbance ,Apr-21,Dry,7.106,12.665,8.155,2.87493605,95.65058439,1.960939498,2.538842283,1.056030431,4.560701806,6.35483871
s1160127,reference,Moderate disturbance ,May-21,Dry,4.08,4.157,4.894,1.69714903,96.86467991,1.406096988,1.42479366,0.528949802,4.573314952,0.609677419
s1160127,reference,Moderate disturbance ,Jun-21,Dry,4.247,4.197,5.03,3.82461895,94.75998457,1.446212851,1.434369984,1.341458841,4.551347216,1.286666667
s1160127,reference,Moderate disturbance ,Jul-21,Dry,4.164,4.163,5.027,1.43128045,97.16329952,1.426476151,1.426235968,0.358569463,4.576393063,1.093548387
s1160127,reference,Moderate disturbance ,Aug-21,Dry,4.717,4.693,5.523,3.09166977,95.45016735,1.551173004,1.546072037,1.128711324,4.558604303,1.761290323
s1160127,reference,Moderate disturbance ,Sep-21,Dry,6.555,6.432,7.388,4.59683281,93.93587747,1.880228117,1.861285532,1.525367547,4.542612395,0.65
s1160127,reference,Moderate disturbance ,Oct-21,Dry,7.257,7.229,8.253,3.27608363,95.22636496,1.98196652,1.978100714,1.186648694,4.556256846,0.2
s1160127,reference,Moderate disturbance ,Nov-21,Wet,20.22,20.21,21.49,5.31095545,93.1959624,3.006672214,3.006177531,1.669771753,4.534704399,4.4
s1160127,reference,Moderate disturbance ,Jun-22,Dry,5.301,9.84,13.196,1.61504911,97.00832185,1.667895482,2.286455711,0.479365365,4.574796767,1.46
s1160127,reference,Moderate disturbance ,Jul-22,Dry,1.524,1.772,2.863,1.28708544,97.3328205,0.421338457,0.572108852,0.252380313,4.578136245,2.077419355
s1160127,reference,Moderate disturbance ,Aug-22,Dry,2.387,2.448,3.57,2.59639271,95.97049089,0.870037347,0.895271365,0.954123062,4.564040758,0.590322581
s1160127,reference,Moderate disturbance ,Sep-22,Dry,5.511,27.201,51.52,4.41159051,94.07991609,1.706746095,3.303253737,1.484235284,4.544144592,1.253333333
s1160127,reference,Moderate disturbance ,Oct-22,Dry,10.586,64.03,120.79,4.49386669,94.00506159,2.359532373,4.159351724,1.502713509,4.543348628,4.432258065
s1160127,reference,Moderate disturbance ,Nov-22,Wet,4.335,4.508,5.74,5.36981974,93.1311922,1.46672161,1.505853596,1.68079434,4.534009168,4.08
s1160127,reference,Moderate disturbance ,Dec-22,Wet,4.045,4.801,5.479,3.56870816,94.93341329,1.397481551,1.56882423,1.27220367,4.553175733,2.909677419
s1160127,reference,Moderate disturbance ,Jan-23,Wet,13.947,25.242,31.564,6.03866454,92.47809009,2.635264431,3.228509274,1.798182885,4.526971753,14.20967742
s1160127,reference,Moderate disturbance ,Feb-23,Wet,22.426,29.875,35.764,2.08795832,96.42021624,3.110221,3.39702201,0.736186708,4.568715892,10.61071429
s1160127,reference,Moderate disturbance ,Mar-23,Wet,10.702,14.355,16.066,2.42451449,96.1084368,2.37043064,2.664098314,0.885631294,4.565477104,6.067741935
s1160127,reference,Moderate disturbance ,Apr-23,Dry,3.844,3.827,5.215,1.3870738,97.15719174,1.346513491,1.342081206,0.327196348,4.5763302,1.706666667
s1160127,reference,Moderate disturbance ,May-23,Dry,2.747,2.805,4.024,1.46573568,97.08692306,1.010509407,1.031403539,0.382357287,4.575606691,0.7
s1160127,reference,Moderate disturbance ,Jun-23,Dry,1.779,2.027,3.121,2.35186987,96.20631169,0.576051409,0.706556867,0.855210701,4.566494966,0.746666667
s1160127,reference,Moderate disturbance ,Jul-23,Dry,2.773,15.611,6.726,0.77981147,97.8891755,1.019929767,2.747975794,-0.248703094,4.583835977,1.603225806
s1160127,reference,Moderate disturbance ,Oct-23,Dry,2.982,5.033,4.54,3.89601574,94.60693461,1.092594216,1.616016228,1.359954426,4.549730778,0.848387097
s1160127,reference,Moderate disturbance ,Dec-23,Wet,3.735,3.833,5.226,5.40451465,93.10318853,1.317747819,1.343647786,1.687234651,4.533708432,9.603333333
s1160129,impact,High disturbance,Dec-20,Wet,58.88,63.44,86.89,20.51571374,78.03123817,4.075501474,4.150094577,3.021191116,4.357109236,9.364516129
s1160129,impact,High disturbance,Jan-21,Wet,75.88,85.61,110.74,13.24641298,85.3106675,4.329153145,4.449802099,2.583726797,4.446299505,20.52580645
s1160129,impact,High disturbance,Feb-21,Wet,97.67,94.29,104.94,9.14395976,89.36666377,4.581594449,4.546375139,2.213093526,4.492747724,20.35
s1160129,impact,High disturbance,Mar-21,Wet,60.62,71.85,80.39,7.37436383,91.12427506,4.104624872,4.274580613,1.998009638,4.512224235,11.82580645
s1160129,impact,High disturbance,Apr-21,Dry,80.11,82.52,98.79,5.07156048,93.43744229,4.38340069,4.413040688,1.623648557,4.537292146,20.49
s1160129,impact,High disturbance,May-21,Dry,40.29,42.89,46.39,5.16585911,93.34133433,3.696103299,3.758638699,1.642071422,4.536263036,0.74516129
s1160129,impact,High disturbance,Jun-21,Dry,30.73,30.75,32.01,6.22724208,92.30658575,3.425239376,3.425889994,1.828933551,4.525115491,1.226666667
s1160129,impact,High disturbance,Jul-21,Dry,77.92,89.17,97.1,6.31769299,92.21324396,4.355682659,4.49054466,1.843354108,4.524103764,1.209677419
s1160129,impact,High disturbance,Aug-21,Dry,39.504,39.698,41.812,8.66135075,89.85771928,3.676401933,3.681300809,2.158870686,4.498227523,1.551612903
s1160129,impact,High disturbance,Sep-21,Dry,48.36,49.1,51.99,13.56859996,84.96653233,3.878673026,3.893859035,2.607758297,4.442257442,0.56
s1160129,impact,High disturbance,Oct-21,Dry,47.02,48.91,58.16,15.35457023,83.14664506,3.850573043,3.889981875,2.731413165,4.420605857,0.312903226
s1160129,impact,High disturbance,Nov-21,Wet,61.22,72.93,90.36,14.63441609,83.88275329,4.114473934,4.289500077,2.683376021,4.42942003,7.773333333
s1160129,impact,High disturbance,Dec-21,Wet,76.14,76.39,86.63,14.22685424,84.26876335,4.332573751,4.335851798,2.655131322,4.434011255,3.296774194
s1160129,impact,High disturbance,Jan-22,Wet,70.98,72.88,76.71,9.2648792,89.22790218,4.262398147,4.288814253,2.226230821,4.491193795,5.519354839
s1160129,impact,High disturbance,Feb-22,Wet,102.57,112.34,130.47,6.12904176,92.37261545,4.630545492,4.721529987,1.813038418,4.525830565,6.664285714
s1160129,impact,High disturbance,Mar-22,Wet,79.55,87.1,100.84,7.46571408,91.04073065,4.376385755,4.467056884,2.010321083,4.511306996,3.458064516
s1160129,impact,High disturbance,Apr-22,Dry,71.111,86.901,100.99,7.9457478,90.56558251,4.264242037,4.46476954,2.072636918,4.506074257,11.18
s1160129,impact,High disturbance,May-22,Dry,80.74,88.99,110.98,4.37567588,94.15376639,4.391234115,4.488524004,1.476060995,4.544929258,7.132258065
s1160129,impact,High disturbance,Jun-22,Dry,38.23,38.73,46.59,6.90078658,91.61034431,3.643620548,3.656614494,1.931635402,4.517544194,0.45
s1160129,impact,High disturbance,Jul-22,Dry,36.62,47.14,53.45,7.04913444,91.46077348,3.600594539,3.853121898,1.952904835,4.515910175,1.861290323
s1160129,impact,High disturbance,Aug-22,Dry,28.07,28.07,29.49,9.66909021,88.84521191,3.33470139,3.33470139,2.268934221,4.486895664,0.680645161
s1160129,impact,High disturbance,Sep-22,Dry,69.81,80.4,81.05,14.91957211,83.5899366,4.245777266,4.387014176,2.702673915,4.425923137,1.16
s1160129,impact,High disturbance,Oct-22,Dry,106.69,124.15,157.09,12.91061453,85.59441341,4.669927433,4.821490512,2.558049805,4.449620017,4.864516129
s1160129,impact,High disturbance,Nov-22,Wet,88.02,88.51,104.62,13.8313215,84.68086785,4.477564061,4.48311554,2.626935694,4.438889695,5.83
s1160129,impact,High disturbance,Dec-22,Wet,91.75,91.61,100.31,12.13392641,86.37937727,4.519067487,4.517540436,2.496005365,4.458748958,4.712903226
s1160129,impact,High disturbance,Jan-23,Wet,105.41,107.79,115.98,10.88916444,87.64269363,4.657857508,4.68018489,2.387768207,4.473268249,14.87741935
s1160129,impact,High disturbance,Feb-23,Wet,77.96,81.01,85.74,6.73628553,91.76327385,4.356195875,4.394572604,1.907508665,4.519212151,11.77142857
s1160129,impact,High disturbance,Mar-23,Wet,66.69,69.7,73.76,5.9585849,92.55576739,4.200055017,4.244200318,1.78483302,4.527811354,5.780645161
s1160129,impact,High disturbance,Apr-23,Dry,65.58,70.24,71.81,5.64363583,92.86210961,4.183270771,4.251917949,1.730528509,4.531115701,3.61
s1160129,impact,High disturbance,May-23,Dry,39.19,42.94,53.66,7.00994402,91.50383029,3.668421612,3.759803792,1.947329715,4.516380832,1.387096774
s1160129,impact,High disturbance,Jun-23,Dry,27.23,27.49,28.63,6.7813118,91.74340805,3.304319307,3.313822302,1.914170564,4.518995637,0.93
s1160129,impact,High disturbance,Jul-23,Dry,27.11,26.93,28.59,6.53771361,91.99977902,3.299902664,3.293240907,1.877587503,4.521786175,2.032258065
s1160129,impact,High disturbance,Aug-23,Dry,20.54,20.62,22.15,10.28246299,88.20799883,3.022374205,3.026261479,2.330439822,4.479697649,0.106451613
s1160129,impact,High disturbance,Sep-23,Dry,22.04,22.54,24.81,12.86711541,85.63462411,3.092858984,3.115291509,2.554674864,4.450089689,0.573333333
s1160129,impact,High disturbance,Oct-23,Dry,41.84,47.92,51.9,17.82953537,80.6652116,3.73385282,3.869532954,2.880856373,4.390307399,1.109677419
s1160129,impact,High disturbance,Dec-23,Wet,33.9,60.14,101.02,15.60691461,82.88834989,3.523415014,4.096675178,2.74771406,4.41749452,8.920689655
s1160130,reference,Minimal disturbance,May-21,Dry,4.1805,5.23,5.365,1.35404602,97.27969948,1.430430857,1.654411278,0.303097162,4.577590329,0.183870968
s1160130,reference,Minimal disturbance,Jun-21,Dry,3.442,3.407,4.362,4.45063879,94.27061556,1.236052698,1.225832139,1.493047634,4.546169535,0.836666667
s1160130,reference,Minimal disturbance,Jul-21,Dry,3.91,3.796,4.68,0.45368381,98.28901807,1.363537374,1.333947881,-0.790354777,4.587912302,0.35483871
s1160130,reference,Minimal disturbance,Aug-21,Dry,4.0755,3.955891,5.1005,2.73098901,95.92681319,1.404993439,1.37520586,1.004663818,4.563585538,0.696774194
s1160130,reference,Minimal disturbance,Sep-21,Dry,5.957,5.848,6.722,3.24297371,95.39075249,1.784566999,1.766099722,1.176490721,4.55798164,0.633333333
s1160130,reference,Minimal disturbance,Oct-21,Dry,8.159,8.141,9.231,1.60289855,96.91808444,2.099121612,2.096913023,0.471813584,4.573866131,0.480645161
s1160130,reference,Minimal disturbance,Nov-21,Wet,8.843,9.244,10.256,3.24695474,95.25952046,2.179626186,2.223974692,1.177717554,4.556604961,4.326666667
s1160130,reference,Minimal disturbance,Dec-21,Wet,8.986,8.982,10.059,1.62028986,96.88872085,2.195667811,2.195222575,0.482605059,4.573563112,2.558064516
s1160130,reference,Minimal disturbance,Jan-22,Wet,10.19,11.97,12.835,2.04965883,96.4975992,2.321406847,2.48240352,0.717673355,4.569518129,5.693548387
s1160130,reference,Minimal disturbance,Feb-22,Wet,8.711,11.699,11.527,0.77354912,97.91275761,2.164586595,2.459503368,-0.256766107,4.584076854,4.507142857
s1160130,reference,Minimal disturbance,Mar-22,Wet,6.704,7.551,9.132,0.53522369,98.20390674,1.902704363,2.021680005,-0.625070507,4.587045998,2.287096774
s1160130,reference,Minimal disturbance,Apr-22,Dry,4.869,8.729,8.169,2.20722433,96.50396071,1.582888577,2.166650816,0.791735767,4.569584051,6.45
s1160130,reference,Minimal disturbance,May-22,Dry,4.49,7.631,6.836,0.688551833,98.03704175,1.501852702,2.032218898,-0.37316468,4.585345384,5.64516129
s1160130,reference,Minimal disturbance,Jun-22,Dry,1.5995,2.6733,3.231,0.31554994,98.52768648,0.46969108,0.983313664,-1.153438321,4.59033759,1.176666667
s1160130,reference,Minimal disturbance,Jul-22,Dry,2.132,3.0076,4.9428,0.38294378,98.42627921,0.757060506,1.101142419,-0.959867089,4.589307834,2.129032258
s1160130,reference,Minimal disturbance,Aug-22,Dry,0.998,1.225,1.944,0.69906589,98.08608937,-0.002002003,0.202940844,-0.358010278,4.585845556,0.277419355
s1160130,reference,Minimal disturbance,Sep-22,Dry,3.546,3.541,4.641,2.35316369,96.28318432,1.265820208,1.264409173,0.855760674,4.567293686,1.156666667
s1160130,reference,Minimal disturbance,Oct-22,Dry,7.338,11.571,9.716,1.24385633,97.27561437,1.993066326,2.448501968,0.218216497,4.577548335,4.625806452
s1160130,reference,Minimal disturbance,Nov-22,Wet,11.995,12.673,16.109,2.35078204,96.16321897,2.484489896,2.539473746,0.854748056,4.566046945,6.946666667
s1160130,reference,Minimal disturbance,Dec-22,Wet,16.01,20.52,26.42,1.14669187,97.36332703,2.773213527,3.02140002,0.136881162,4.578449621,6.206451613
s1160130,reference,Minimal disturbance,Jan-23,Wet,12.499,22.402,25.674,3.94467829,94.61395069,2.525648641,3.109150241,1.372367402,4.549804935,12.32580645
s1160130,reference,Minimal disturbance,Feb-23,Wet,15.966,20.327,23.472,0.6659942,97.88362124,2.770461461,3.011950052,-0.406474317,4.583779235,10.825
s1160130,reference,Minimal disturbance,May-23,Dry,4.952,4.988,5.923,0.4791614,98.26117706,1.599791535,1.607035028,-0.735717786,4.587629006,1.567741935
s1160130,reference,Minimal disturbance,Jun-23,Dry,6.276,6.712,10.01,4.33174534,94.25682113,1.836732835,1.903896969,1.465970542,4.546023196,0.433333333
s1160130,reference,Minimal disturbance,Jul-23,Dry,15.03,14.3,15.42,2.48748736,96.29019212,2.710048204,2.660259537,0.911273109,4.567366466,2.35483871
s1160130,reference,Minimal disturbance,Sep-23,Dry,15.96,15.96,15.96,1.61701323,96.99306869,2.770085592,2.770085592,0.480580762,4.574639519,1.003333333
s1160130,reference,Minimal disturbance,Dec-23,Wet,15.78,17.35,17.51,1.80387195,96.70264457,2.758743315,2.853592506,0.589935438,4.57164075,8.34
s1160131,end of system,Moderate disturbance ,Jun-21,Dry,9.169,9.283,9.931,4.70930233,93.92239635,2.215828229,2.22818477,1.549539772,4.542468871,0.3
s1160131,end of system,Moderate disturbance ,Jul-21,Dry,8.87,8.883,9.62,2.64121428,96.01525594,2.182674796,2.184139338,0.971238766,4.564507095,11.3
s1160131,end of system,Moderate disturbance ,Aug-21,Dry,15.769,16.512,20.109,3.8172956,94.80204403,2.758045987,2.804087389,1.339542214,4.551790971,28.8
s1160131,end of system,Moderate disturbance ,Sep-21,Dry,33.62,49.52,49.65,10.31453508,88.23346761,3.515121128,3.902376628,2.333554073,4.479986342,27.5
s1160131,end of system,Moderate disturbance ,Mar-22,Wet,55.47,99.28,125.83,2.4834944,96.15013529,4.015842334,4.597944141,0.909666601,4.565910879,99.3
s1160131,end of system,Moderate disturbance ,Apr-22,Dry,42.14,46.73,49.52,3.70826509,94.94060487,3.740997408,3.844386357,1.310564137,4.553251484,232
s1160131,end of system,Moderate disturbance ,May-22,Dry,29.8,35.69,33.09,2.18193839,96.46538582,3.394508394,3.574870538,0.780213651,4.569184248,214.2
s1160131,end of system,Moderate disturbance ,Jun-22,Dry,32.14,32.72,33.62,2.15119783,96.57412988,3.47010136,3.487986512,0.766024817,4.570310899,45.8
s1160131,end of system,Moderate disturbance ,Jul-22,Dry,35.24,36.28,36.21,2.50127758,96.19512195,3.562181801,3.591266625,0.916801633,4.566378649,62.7
s1160131,end of system,Moderate disturbance ,Aug-22,Dry,38.13,92.47,40.27,3.56848295,95.11054488,3.641001374,4.526884268,1.272140561,4.555039845,6.9
s1160131,end of system,Moderate disturbance ,Sep-22,Dry,45.16,51.32,49.4,5.59425456,92.98207171,3.810211739,3.93808054,1.7217401,4.532406697,38.6
s1160131,end of system,Moderate disturbance ,Oct-22,Dry,77.59,85.18,85.06,4.61510305,93.8988621,4.351438553,4.444766664,1.529334197,4.542218268,154.7
s1160131,end of system,Moderate disturbance ,Nov-22,Wet,79.18,94.52,96.4,6.37525692,92.13075099,4.371723742,4.548811452,1.852424391,4.523208775,258.9
s1160131,end of system,Moderate disturbance ,Dec-22,Wet,92.81,98.2,99.42,4.13158098,94.37502899,4.530554393,4.587006215,1.418660138,4.547276515,298.7
s1160131,end of system,Moderate disturbance ,Jan-23,Wet,131.11,126.2,138.13,4.45233742,94.08540088,4.876036666,4.83786795,1.493429221,4.54420289,393.6
s1160131,end of system,Moderate disturbance ,Feb-23,Wet,92.01,97.14,104.81,1.47603892,97.05301446,4.521897267,4.576153237,0.389362094,4.57525737,364
s1160131,end of system,Moderate disturbance ,Mar-23,Wet,78.91,85.13,87,2.52346993,96.05087812,4.368307963,4.4441795,0.925634911,4.564878031,222.2
s1160131,end of system,Moderate disturbance ,Apr-23,Dry,80.9,86.08,85.56,1.62713568,97.04267491,4.393213824,4.455277096,0.486821218,4.575150829,90.2
s1160131,end of system,Moderate disturbance ,May-23,Dry,78.58,75.79,81.15,2.20052709,96.4492675,4.364117214,4.327966358,0.788696918,4.569017145,56
s1160131,end of system,Moderate disturbance ,Jun-23,Dry,66,66.57,66.98,4.65356623,93.91800097,4.189654742,4.198254026,1.537633857,4.542422071,24
s1160131,end of system,Moderate disturbance ,Jul-23,Dry,64.34,65.44,65.99,4.06604142,94.61117624,4.164181522,4.181133692,1.402669902,4.549775611,69.2
s1160131,end of system,Moderate disturbance ,Sep-23,Dry,147.17,163.22,196.88,4.32593738,94.24483958,4.991588381,5.095098984,1.464628852,4.545896072,39.8
s1160131,end of system,Moderate disturbance ,Dec-23,Wet,176.36,171.08,232.98,7.86927896,90.63348541,5.17252736,5.142131283,2.062966439,4.506823741,230.1
s1160133,impact,Minimal disturbance,Jun-21,Dry,9.28,12.462,12.335,6.05769231,92.73717949,2.227861547,2.522684014,1.801328921,4.529769465,2.603333333
s1160133,impact,Minimal disturbance,Jul-21,Dry,13.129,21.215,21.373,1.23461614,97.58009377,2.574823524,3.054708479,0.210760104,4.580673515,2.712903226
s1160133,impact,Minimal disturbance,Aug-21,Dry,7.696,8.542,10.293,4.45153061,94.18622449,2.040700713,2.144995172,1.493247994,4.545273934,2.251612903
s1160133,impact,Minimal disturbance,Sep-21,Dry,7.613,8.125,10.139,6.02785515,92.54178273,2.029857312,2.094945728,1.796391251,4.527660248,0.336666667
s1160133,impact,Minimal disturbance,Oct-21,Dry,10.403,11.202,12.713,3.2921907,95.20142342,2.342094226,2.416092334,1.191553209,4.555994894,0.55483871
s1160133,impact,Minimal disturbance,Nov-21,Wet,69.83,99.39,105.19,4.7361021,93.78066191,4.246063717,4.599051505,1.555214456,4.540958672,6.053333333
s1160133,impact,Minimal disturbance,Dec-21,Wet,54.19,62.62,71.09,3.33943049,95.18716631,3.99249639,4.137084716,1.20580028,4.555845125,3.983870968
s1160133,impact,Minimal disturbance,Jan-22,Wet,24.221,40.155,48.044,2.13112996,96.4504241,3.187220025,3.692746966,0.756652337,4.569029136,6.051612903
s1160133,impact,Minimal disturbance,Feb-22,Wet,19.366,31.062,39.608,1.41132885,97.28049137,2.963518951,3.435985207,0.344531707,4.577598469,11.24285714
s1160133,impact,Minimal disturbance,Mar-22,Wet,7.051,12.629,11.102,1.65574729,97.0227162,1.953169451,2.535995757,0.504252442,4.574945139,4.935483871
s1160133,impact,Minimal disturbance,Apr-22,Dry,18.034,26.237,37.952,2.94115102,95.62353959,2.892258865,3.267170628,1.078801008,4.56041902,13.73
s1160133,impact,Minimal disturbance,May-22,Dry,17.105,27.976,28.61,1.36457926,97.42348337,2.839370818,3.331347,0.310846147,4.579067284,11.25483871
s1160133,impact,Minimal disturbance,Jul-22,Dry,0,3.389,1.269,1.51631497,97.29972646,0,1.220534893,0.416283029,4.577796178,3.4
s1160133,impact,Minimal disturbance,Aug-22,Dry,0.706,5.343,3.554,6.98630137,91.69207861,-0.348140041,1.675787293,1.943951285,4.518435992,1.432258065
s1160133,impact,Minimal disturbance,Sep-22,Dry,5.571,14.383,9.841,2.34507148,96.24815651,1.717574571,2.666046954,0.852315883,4.56692982,1.303333333
s1160133,impact,Minimal disturbance,Oct-22,Dry,12.104,32.324,29.696,2.98573709,95.52261841,2.493535976,3.475809988,1.093846648,4.559363061,4.258064516
s1160133,impact,Minimal disturbance,Nov-22,Wet,32.239,58.233,72.772,3.57525773,94.96789396,3.4731769,4.064452204,1.274037266,4.553538876,7.07
s1160133,impact,Minimal disturbance,Dec-22,Wet,43.37,54.03,65.41,2.87784063,95.68621614,3.769767958,3.989539448,1.057040232,4.561074256,6.412903226
s1160133,impact,Minimal disturbance,Jan-23,Wet,36.4,49.849,79.287,3.36144578,95.22891566,3.594568775,3.908998436,1.212371173,4.556283632,18.66774194
s1160133,impact,Minimal disturbance,Mar-23,Wet,24.052,38.341,48.783,1.59482317,97.01383906,3.180218153,3.64651982,0.466762865,4.574853639,7.196774194
s1160133,impact,Minimal disturbance,Apr-23,Dry,25.59,37.23,34.41,1.41532612,97.31978161,3.24220165,3.617114888,0.347359978,4.578002274,4.466666667
s1160133,impact,Minimal disturbance,May-23,Dry,31.35,35.01,34.68,1.6328125,97.10761719,3.445214267,3.555633735,0.490303988,4.575819819,1.180645161
s1160133,impact,Minimal disturbance,Jun-23,Dry,30.61,39.17,34.26,2.53941909,96.20569057,3.421326753,3.667911148,0.93193535,4.566488509,1.736666667
s1160133,impact,Minimal disturbance,Jul-23,Dry,38.01,43.31,46.2,1.89297285,96.86113284,3.637849283,3.768383555,0.63814853,4.573278333,2.606451613
s1160133,impact,Minimal disturbance,Aug-23,Dry,38.25,54.35,42.17,2.22394462,96.42039582,3.64414356,3.995444614,0.799282475,4.568717754,0.177419355
s1160133,impact,Minimal disturbance,Oct-23,Dry,23.87,25.82,29.59,4.15022465,94.31344013,3.17262244,3.251149385,1.423162465,4.546623705,0.773333333
s1160134,impact,High disturbance,May-21,Dry,12.809,14.149,14.962,6.39805825,92.1125331,2.550148049,2.64964395,1.855994546,4.523011015,0.825806452
s1160134,impact,High disturbance,Jun-21,Dry,10.562,10.591,11.68,7.76961603,90.78297162,2.357262654,2.360004584,2.050220746,4.508471731,1.606666667
s1160134,impact,High disturbance,Jul-21,Dry,13.96,14.1,15.52,6.48847139,92.02732707,2.636196097,2.646174797,1.87002697,4.522085566,1.922580645
s1160134,impact,High disturbance,Aug-21,Dry,13.448,13.583,14.862,7.1358209,91.37761194,2.598830396,2.608819011,1.965127297,4.515000503,1.85483871
s1160134,impact,High disturbance,Sep-21,Dry,14.648,14.904,16.317,11.39605735,87.12007168,2.684303807,2.701629633,2.433267449,4.467287301,0.256666667
s1160134,impact,High disturbance,Oct-21,Dry,12.706,12.741,14.14,13.05278592,85.4516129,2.542074323,2.54482514,2.569001591,4.447950285,0.332258065
s1160134,impact,High disturbance,Nov-21,Wet,34.516,34.882,45.228,15.17937972,83.32816429,3.541422985,3.551970937,2.719937909,4.422786599,7.19
s1160134,impact,High disturbance,Dec-21,Wet,36.59,36.33,39.04,13.27995008,85.24126456,3.599774979,3.592643846,2.586255385,4.445485642,3.683870968
s1160134,impact,High disturbance,Jan-22,Wet,31.14,36.8,34.95,9.77658697,88.72341302,3.438493166,3.605497845,2.279990443,4.485523812,6.461290323
s1160134,impact,High disturbance,Feb-22,Wet,71.88,81.09,94.83,7.92987013,90.60909091,4.274998062,4.395559649,2.070636658,4.506554549,9.864285714
s1160134,impact,High disturbance,Mar-22,Wet,31.89,32.86,36.86,9.39683933,89.10316066,3.462292481,3.492256113,2.240373391,4.489794807,3.796774194
s1160134,impact,High disturbance,Apr-22,Dry,18.841,49.051,90.036,5.48648649,93.04324324,2.936035346,3.892860573,1.702288067,4.533064366,13.93333333
s1160134,impact,High disturbance,May-22,Dry,64.28,77.49,113.52,6.89579832,91.63277311,4.163248541,4.350148896,1.930912287,4.517788993,8.674193548
s1160134,impact,High disturbance,Jun-22,Dry,20.779,20.61,23.794,7.16295265,91.36258125,3.033942861,3.025776395,1.968922277,4.514835999,0.756666667
s1160134,impact,High disturbance,Oct-22,Dry,28.7,41,55.78,10.99557196,87.52250923,3.356897123,3.713572067,2.397492643,4.471896009,4.961290323
s1160134,impact,High disturbance,Nov-22,Wet,30.84,34.38,37.28,12.47992617,86.03507153,3.428812549,3.537475,2.524121447,4.454755022,4.836666667
s1160134,impact,High disturbance,Dec-22,Wet,61.41,63.87,79.87,12.80427553,85.69881235,4.117572688,4.156849768,2.549779141,4.450838967,5.703225806
s1160134,impact,High disturbance,Jan-23,Wet,86.62,85.74,100.65,20.64035088,77.90350877,4.461530736,4.451319461,3.02724794,4.355470994,16.66451613
s1160134,impact,High disturbance,Feb-23,Wet,71.02,71.65,87.15,6.06716418,92.36007462,4.262961528,4.271793154,1.80289131,4.525694792,12.625
s1160134,impact,High disturbance,Mar-23,Wet,53.9,54.19,63.82,5.3598234,93.13245033,3.987130478,3.99249639,1.678931027,4.534022677,5.74516129
s1160134,impact,High disturbance,Apr-23,Dry,27.86,34.36,47.13,6.78936521,91.70733718,3.327191968,3.536893097,1.915357448,4.518602389,3.943333333
s1160134,impact,High disturbance,May-23,Dry,14.178,16.404,19.456,8.61808196,89.87874947,2.651691467,2.797525208,2.153862549,4.498461534,1.425806452
s1160134,impact,High disturbance,Jun-23,Dry,12.418,14.063,16.613,4.67829457,93.89534883,2.519147033,2.643547235,1.542933635,4.542180852,1.493333333
s1160134,impact,High disturbance,Jul-23,Dry,26.19,26.27,28.23,7.53025549,90.98610489,3.265377659,3.268427604,2.018928971,4.510706801,2.612903226
s1160134,impact,High disturbance,Aug-23,Dry,17.12,18.51,18.51,11.04946414,87.44641385,2.840247371,2.918311127,2.402381933,4.471026193,0.109677419
s1160134,impact,High disturbance,Dec-23,Wet,57.78,58.26,60.91,7.9327948,90.56974665,4.056642695,4.064915752,2.071005407,4.506120235,9.993333333
